followers_count,following_count,tweet_count,listed_count,date_collected
119718951,133,20930,104096,2022-12-02T13:15:03
119721838,133,20930,104101,2022-12-02T13:30:02
119724750,133,20930,104103,2022-12-02T13:45:02
119727788,133,20930,104105,2022-12-02T14:00:02
119730715,133,20930,104108,2022-12-02T14:15:02
119733794,133,20930,104100,2022-12-02T14:30:02
119736814,133,20930,104105,2022-12-02T14:45:03
119739801,133,20930,104108,2022-12-02T15:00:03
119740343,133,20930,104111,2022-12-02T15:15:03
119743270,133,20930,104116,2022-12-02T15:30:03
119746234,133,20930,104119,2022-12-02T15:45:02
119749302,133,20930,104121,2022-12-02T16:00:03
119752349,133,20930,104125,2022-12-02T16:15:02
119755180,133,20931,104112,2022-12-02T16:30:02
119757881,133,20933,104114,2022-12-02T16:45:03
119751473,133,20933,104114,2022-12-02T17:00:03
119754089,133,20933,104116,2022-12-02T17:15:03
119756923,133,20933,104118,2022-12-02T17:30:03
119759798,133,20933,104121,2022-12-02T17:45:03
119762662,133,20935,104123,2022-12-02T18:00:02
119765390,133,20935,104126,2022-12-02T18:15:02
119768139,135,20936,104105,2022-12-02T18:30:02
119762288,135,20936,104106,2022-12-02T18:45:03
119764971,135,20937,104108,2022-12-02T19:00:02
119767468,135,20939,104110,2022-12-02T19:15:03
119769836,135,20941,104115,2022-12-02T19:30:03
119772285,135,20942,104120,2022-12-02T19:45:03
119774682,135,20943,104123,2022-12-02T20:00:02
119776748,135,20946,104123,2022-12-02T20:15:03
119778809,135,20948,104112,2022-12-02T20:30:02
119778628,135,20949,104112,2022-12-02T20:45:02
119781176,135,20951,104117,2022-12-02T21:00:03
119785039,135,20951,104134,2022-12-02T21:15:03
119789602,135,20952,104147,2022-12-02T21:30:02
119795011,135,20953,104162,2022-12-02T21:45:02
119801666,135,20953,104184,2022-12-02T22:00:02
119813538,135,20953,104145,2022-12-02T22:15:02
119822604,135,20954,104167,2022-12-02T22:30:03
119825949,135,20954,104192,2022-12-02T22:45:03
119834721,135,20954,104217,2022-12-02T23:00:02
119847140,135,20954,104243,2022-12-02T23:15:03
119857237,135,20954,104269,2022-12-02T23:30:02
119866577,135,20955,104287,2022-12-02T23:45:02
119876305,135,20955,104318,2022-12-03T00:00:03
119884729,135,20956,104220,2022-12-03T00:15:02
119892926,135,20956,104236,2022-12-03T00:30:03
119898547,135,20957,104239,2022-12-03T00:45:03
119905229,135,20957,104249,2022-12-03T01:00:02
119911856,135,20957,104265,2022-12-03T01:15:03
119917733,135,20959,104277,2022-12-03T01:30:02
119923114,135,20960,104289,2022-12-03T01:45:03
119928663,135,20962,104295,2022-12-03T02:00:02
119934572,135,20961,104259,2022-12-03T02:15:02
119895063,136,20963,104274,2022-12-03T02:30:03
119900416,136,20964,104289,2022-12-03T02:45:02
119905549,136,20965,104293,2022-12-03T03:00:02
119910508,136,20967,104300,2022-12-03T03:15:02
119915353,136,20967,104307,2022-12-03T03:30:02
119919732,136,20967,104319,2022-12-03T03:45:03
119924092,136,20967,104325,2022-12-03T04:00:02
119782941,136,20967,104274,2022-12-03T04:15:03
119786901,136,20967,104282,2022-12-03T04:30:02
119790732,136,20967,104297,2022-12-03T04:45:03
119794547,136,20967,104308,2022-12-03T05:00:02
119798196,136,20967,104310,2022-12-03T05:15:03
119801638,136,20968,104316,2022-12-03T05:30:02
119804888,136,20970,104318,2022-12-03T05:45:02
119807825,136,20971,104321,2022-12-03T06:00:02
119775936,136,20971,104275,2022-12-03T06:15:03
119778980,136,20972,104286,2022-12-03T06:30:03
119782030,136,20972,104293,2022-12-03T06:45:02
119785006,136,20972,104303,2022-12-03T07:00:02
119787747,136,20972,104307,2022-12-03T07:15:02
119790502,136,20972,104314,2022-12-03T07:30:03
119793212,136,20972,104327,2022-12-03T07:45:03
119792915,136,20972,104334,2022-12-03T08:00:03
119795590,136,20972,104294,2022-12-03T08:15:03
119798217,136,20972,104303,2022-12-03T08:30:03
119800758,136,20974,104308,2022-12-03T08:45:03
119803437,136,20976,104314,2022-12-03T09:00:03
119806007,136,20975,104317,2022-12-03T09:15:02
119808606,136,20975,104320,2022-12-03T09:30:02
119811218,136,20975,104323,2022-12-03T09:45:02
119812173,136,20975,104301,2022-12-03T10:00:02
119814820,136,20975,104307,2022-12-03T10:15:02
119817368,136,20976,104314,2022-12-03T10:30:02
119820031,136,20978,104329,2022-12-03T10:45:02
119822634,136,20979,104334,2022-12-03T11:00:03
119825418,136,20979,104341,2022-12-03T11:15:02
119828191,136,20979,104346,2022-12-03T11:30:02
119831171,136,20979,104313,2022-12-03T11:45:02
119828653,136,20979,104321,2022-12-03T12:00:03
119831864,136,20979,104330,2022-12-03T12:15:02
119835380,136,20979,104336,2022-12-03T12:30:03
119838833,136,20979,104346,2022-12-03T12:45:02
119842459,136,20979,104353,2022-12-03T13:00:03
119846393,136,20979,104358,2022-12-03T13:15:03
119850185,136,20979,104364,2022-12-03T13:30:02
119849697,136,20979,104333,2022-12-03T13:45:02
119853882,136,20979,104341,2022-12-03T14:00:02
119858076,136,20979,104346,2022-12-03T14:15:03
119862252,136,20979,104352,2022-12-03T14:30:02
119866554,136,20979,104357,2022-12-03T14:45:02
119870892,136,20979,104369,2022-12-03T15:00:02
119874806,136,20979,104374,2022-12-03T15:15:02
119878978,136,20979,104380,2022-12-03T15:30:03
119866840,136,20979,104339,2022-12-03T15:45:02
119870898,136,20979,104348,2022-12-03T16:00:02
119875237,136,20979,104356,2022-12-03T16:15:02
119879070,136,20979,104363,2022-12-03T16:30:03
119883007,136,20979,104367,2022-12-03T16:45:03
119886959,136,20979,104372,2022-12-03T17:00:03
119886966,136,20979,104374,2022-12-03T17:15:03
119891008,136,20979,104379,2022-12-03T17:30:03
119895169,136,20979,104355,2022-12-03T17:45:02
119899059,136,20979,104358,2022-12-03T18:00:02
119903052,136,20979,104360,2022-12-03T18:15:02
119907108,136,20979,104367,2022-12-03T18:30:03
119910842,136,20980,104371,2022-12-03T18:45:02
119914635,136,20980,104381,2022-12-03T19:00:02
119916688,136,20981,104361,2022-12-03T19:15:02
119920265,136,20983,104372,2022-12-03T19:30:02
119923667,136,20986,104373,2022-12-03T19:45:03
119927181,136,20990,104374,2022-12-03T20:00:02
119930745,136,20990,104382,2022-12-03T20:15:03
119934172,136,20990,104386,2022-12-03T20:30:02
119937423,136,20990,104389,2022-12-03T20:45:02
119940443,136,20990,104393,2022-12-03T21:00:03
119943580,136,20990,104370,2022-12-03T21:15:03
119944506,136,20992,104374,2022-12-03T21:30:02
119947763,136,20993,104381,2022-12-03T21:45:02
119951330,136,20996,104382,2022-12-03T22:00:03
119955003,136,20996,104389,2022-12-03T22:15:02
119958858,136,20996,104395,2022-12-03T22:30:02
119962735,136,20996,104401,2022-12-03T22:45:03
119966157,136,20996,104409,2022-12-03T23:00:03
119967539,136,20996,104383,2022-12-03T23:15:03
119970997,136,20996,104382,2022-12-03T23:30:02
119974211,136,20996,104388,2022-12-03T23:45:02
119977516,136,20996,104399,2022-12-04T00:00:04
119980745,136,20996,104407,2022-12-04T00:15:03
119984030,136,20996,104415,2022-12-04T00:30:03
119987126,136,20997,104416,2022-12-04T00:45:03
119990036,136,20999,104395,2022-12-04T01:00:03
119984143,136,20999,104402,2022-12-04T01:15:03
119987162,136,20999,104405,2022-12-04T01:30:03
119990197,136,20999,104411,2022-12-04T01:45:03
119993283,136,20999,104413,2022-12-04T02:00:03
119996169,136,21000,104413,2022-12-04T02:15:02
119999009,136,21004,104424,2022-12-04T02:30:02
120002020,136,21004,104436,2022-12-04T02:45:02
120005172,136,21004,104409,2022-12-04T03:00:02
119934107,136,21004,104416,2022-12-04T03:15:02
119937124,136,21004,104422,2022-12-04T03:30:03
119940013,136,21004,104429,2022-12-04T03:45:03
119943008,136,21005,104433,2022-12-04T04:00:03
119945781,136,21006,104435,2022-12-04T04:15:03
119948520,136,21008,104441,2022-12-04T04:30:03
119950830,136,21009,104451,2022-12-04T04:45:03
119953273,136,21009,104421,2022-12-04T05:00:03
119819266,136,21012,104425,2022-12-04T05:15:02
119822624,136,21015,104424,2022-12-04T05:30:02
119826131,136,21017,104426,2022-12-04T05:45:02
119829543,136,21018,104439,2022-12-04T06:00:03
119832870,136,21019,104444,2022-12-04T06:15:02
119835716,136,21019,104447,2022-12-04T06:30:03
119838250,136,21020,104426,2022-12-04T06:45:03
119822045,136,21021,104428,2022-12-04T07:00:02
119824557,136,21021,104429,2022-12-04T07:15:03
119827094,136,21021,104432,2022-12-04T07:30:02
119829568,136,21021,104444,2022-12-04T07:45:03
119832055,136,21021,104447,2022-12-04T08:00:02
119834594,136,21021,104451,2022-12-04T08:15:03
119837114,136,21021,104454,2022-12-04T08:30:02
119838037,136,21022,104437,2022-12-04T08:45:03
119840382,136,21023,104445,2022-12-04T09:00:02
119842946,136,21023,104450,2022-12-04T09:15:03
119845590,136,21023,104454,2022-12-04T09:30:03
119848148,136,21023,104456,2022-12-04T09:45:03
119850683,136,21023,104461,2022-12-04T10:00:02
119853383,136,21024,104469,2022-12-04T10:15:03
119856256,136,21024,104474,2022-12-04T10:30:02
119854397,136,21024,104446,2022-12-04T10:45:02
119857257,136,21024,104451,2022-12-04T11:00:03
119860208,136,21024,104460,2022-12-04T11:15:02
119863231,136,21024,104469,2022-12-04T11:30:03
119866190,136,21024,104475,2022-12-04T11:45:02
119869244,136,21024,104480,2022-12-04T12:00:02
119872279,136,21024,104482,2022-12-04T12:15:03
119873150,136,21025,104482,2022-12-04T12:30:02
119876137,136,21026,104455,2022-12-04T12:45:02
119879208,136,21026,104461,2022-12-04T13:00:03
119882652,136,21027,104467,2022-12-04T13:15:02
119886022,136,21027,104472,2022-12-04T13:30:03
119889402,136,21027,104475,2022-12-04T13:45:03
119892753,136,21027,104475,2022-12-04T14:00:02
119896483,136,21027,104481,2022-12-04T14:15:02
119886707,136,21027,104484,2022-12-04T14:30:03
119890510,136,21027,104462,2022-12-04T14:45:02
119894351,136,21027,104469,2022-12-04T15:00:03
119897938,136,21027,104481,2022-12-04T15:15:02
119901620,136,21027,104486,2022-12-04T15:30:02
119905329,136,21027,104498,2022-12-04T15:45:02
119909078,136,21027,104500,2022-12-04T16:00:03
119912610,136,21027,104508,2022-12-04T16:15:02
119901246,136,21027,104510,2022-12-04T16:30:02
119904934,136,21027,104485,2022-12-04T16:45:03
119908410,136,21027,104489,2022-12-04T17:00:03
119911973,136,21027,104500,2022-12-04T17:15:03
119915551,136,21027,104503,2022-12-04T17:30:03
119918945,136,21027,104507,2022-12-04T17:45:02
119922320,136,21027,104514,2022-12-04T18:00:03
119925627,136,21027,104520,2022-12-04T18:15:02
119925221,136,21027,104522,2022-12-04T18:30:02
119928348,136,21027,104488,2022-12-04T18:45:02
119931527,136,21027,104496,2022-12-04T19:00:03
119934496,136,21027,104503,2022-12-04T19:15:02
119937568,136,21027,104508,2022-12-04T19:30:02
119940615,136,21027,104514,2022-12-04T19:45:03
119943593,136,21027,104520,2022-12-04T20:00:02
119944626,136,21027,104523,2022-12-04T20:15:02
119947513,136,21027,104527,2022-12-04T20:30:02
119950505,136,21027,104506,2022-12-04T20:45:02
119953373,136,21027,104509,2022-12-04T21:00:02
119956203,136,21028,104512,2022-12-04T21:15:02
119959026,136,21028,104512,2022-12-04T21:30:02
119961986,136,21028,104519,2022-12-04T21:45:03
119964818,136,21028,104521,2022-12-04T22:00:03
119965540,136,21028,104518,2022-12-04T22:15:03
119968696,136,21028,104520,2022-12-04T22:30:02
119972132,136,21028,104513,2022-12-04T22:45:03
119975583,136,21028,104513,2022-12-04T23:00:02
119978949,136,21028,104518,2022-12-04T23:15:03
119982091,136,21028,104522,2022-12-04T23:30:03
119985242,136,21028,104525,2022-12-04T23:45:02
119985700,136,21028,104530,2022-12-05T00:00:03
119988936,136,21028,104519,2022-12-05T00:15:02
119992133,136,21028,104524,2022-12-05T00:30:03
119994941,136,21028,104531,2022-12-05T00:45:02
119997547,136,21028,104535,2022-12-05T01:00:02
120000156,136,21028,104537,2022-12-05T01:15:02
120002769,136,21028,104543,2022-12-05T01:30:03
120005316,136,21028,104547,2022-12-05T01:45:03
119976834,136,21028,104547,2022-12-05T02:00:02
119979732,136,21028,104525,2022-12-05T02:15:03
119982340,136,21031,104528,2022-12-05T02:30:03
119985041,136,21032,104530,2022-12-05T02:45:03
119987657,136,21032,104532,2022-12-05T03:00:03
119990369,136,21033,104536,2022-12-05T03:15:03
119993219,136,21034,104542,2022-12-05T03:30:03
119995809,136,21034,104543,2022-12-05T03:45:02
119907497,136,21034,104549,2022-12-05T04:00:03
119910081,136,21034,104527,2022-12-05T04:15:02
119912736,136,21034,104530,2022-12-05T04:30:03
119915175,136,21035,104532,2022-12-05T04:45:02
119917730,136,21038,104535,2022-12-05T05:00:02
119920078,136,21038,104537,2022-12-05T05:15:02
119922523,136,21038,104541,2022-12-05T05:30:02
119924971,137,21040,104545,2022-12-05T05:45:03
119832104,137,21041,104531,2022-12-05T06:00:03
119834448,137,21041,104533,2022-12-05T06:15:02
119836631,137,21041,104537,2022-12-05T06:30:02
119838853,137,21041,104540,2022-12-05T06:45:02
119841113,137,21041,104546,2022-12-05T07:00:03
119843338,137,21041,104548,2022-12-05T07:15:02
119845620,137,21041,104550,2022-12-05T07:30:03
119847874,137,21043,104562,2022-12-05T07:45:03
119846160,137,21045,104559,2022-12-05T08:00:02
119848681,137,21045,104564,2022-12-05T08:15:03
119851003,137,21045,104564,2022-12-05T08:30:03
119853496,137,21045,104567,2022-12-05T08:45:02
119856011,137,21045,104569,2022-12-05T09:00:02
119858211,137,21045,104571,2022-12-05T09:15:02
119860258,137,21045,104574,2022-12-05T09:30:02
119861037,137,21045,104563,2022-12-05T09:45:02
119863260,137,21045,104566,2022-12-05T10:00:02
119865390,137,21045,104568,2022-12-05T10:15:03
119867470,137,21045,104568,2022-12-05T10:30:03
119869667,137,21045,104568,2022-12-05T10:45:02
119871866,137,21045,104570,2022-12-05T11:00:02
119874065,137,21045,104572,2022-12-05T11:15:03
119876286,137,21045,104574,2022-12-05T11:30:03
119878708,137,21045,104572,2022-12-05T11:45:03
119876429,137,21045,104578,2022-12-05T12:00:03
119879107,137,21045,104579,2022-12-05T12:15:03
119881600,137,21045,104581,2022-12-05T12:30:03
119884155,137,21045,104587,2022-12-05T12:45:02
119886859,137,21045,104589,2022-12-05T13:00:03
119889687,137,21045,104575,2022-12-05T13:15:03
119890184,137,21045,104581,2022-12-05T13:30:02
119893001,137,21045,104583,2022-12-05T13:45:02
119896067,137,21045,104587,2022-12-05T14:00:03
119899166,137,21045,104591,2022-12-05T14:15:02
119902177,137,21045,104593,2022-12-05T14:30:03
119905178,137,21045,104596,2022-12-05T14:45:02
119908351,137,21045,104581,2022-12-05T15:00:03
119911581,137,21045,104587,2022-12-05T15:15:03
119900046,137,21045,104589,2022-12-05T15:30:03
119903106,137,21045,104593,2022-12-05T15:45:03
119908808,137,21045,104597,2022-12-05T16:00:03
119915288,137,21045,104603,2022-12-05T16:15:03
119918975,137,21045,104607,2022-12-05T16:30:02
119922200,137,21045,104588,2022-12-05T16:45:03
119925031,137,21045,104590,2022-12-05T17:00:02
119928103,137,21047,104593,2022-12-05T17:15:03
119930712,137,21047,104597,2022-12-05T17:30:03
119935876,137,21047,104601,2022-12-05T17:45:03
119939383,137,21047,104604,2022-12-05T18:00:02
119942487,137,21047,104609,2022-12-05T18:15:02
119945461,137,21047,104591,2022-12-05T18:30:03
119951041,137,21048,104591,2022-12-05T18:45:02
119955806,137,21051,104597,2022-12-05T19:00:02
119959755,137,21051,104600,2022-12-05T19:15:02
119962796,137,21051,104599,2022-12-05T19:30:03
119965497,137,21051,104602,2022-12-05T19:45:03
119968480,137,21051,104606,2022-12-05T20:00:02
119973663,137,21051,104604,2022-12-05T20:15:03
119977941,137,21051,104609,2022-12-05T20:30:03
119982773,137,21051,104615,2022-12-05T20:45:02
119985688,137,21051,104619,2022-12-05T21:00:03
119988578,137,21051,104621,2022-12-05T21:15:03
119988817,137,21052,104626,2022-12-05T21:30:03
119991736,137,21052,104629,2022-12-05T21:45:02
119995032,137,21052,104614,2022-12-05T22:00:03
119998080,137,21052,104617,2022-12-05T22:15:02
120000781,137,21052,104618,2022-12-05T22:30:02
120004234,137,21052,104622,2022-12-05T22:45:02
120007406,137,21052,104625,2022-12-05T23:00:02
120010273,137,21052,104632,2022-12-05T23:15:02
120010588,137,21052,104634,2022-12-05T23:30:03
120013664,137,21052,104636,2022-12-05T23:45:03
120016498,137,21052,104614,2022-12-06T00:00:03
120020181,137,21052,104618,2022-12-06T00:15:02
120023441,137,21052,104623,2022-12-06T00:30:03
120027459,137,21052,104628,2022-12-06T00:45:02
120031200,137,21052,104629,2022-12-06T01:00:02
120035523,137,21052,104634,2022-12-06T01:15:02
120032361,137,21052,104638,2022-12-06T01:30:02
120036048,137,21052,104642,2022-12-06T01:45:02
120039667,137,21052,104623,2022-12-06T02:00:02
120043138,137,21052,104627,2022-12-06T02:15:02
120046545,137,21052,104634,2022-12-06T02:30:02
120050040,137,21052,104637,2022-12-06T02:45:03
120055161,137,21052,104641,2022-12-06T03:00:02
120014449,137,21052,104643,2022-12-06T03:15:02
120019149,137,21052,104646,2022-12-06T03:30:02
120022462,137,21052,104648,2022-12-06T03:45:02
120026928,137,21052,104632,2022-12-06T04:00:02
120030061,137,21052,104638,2022-12-06T04:15:03
120033772,137,21052,104642,2022-12-06T04:30:03
120037854,137,21052,104645,2022-12-06T04:45:03
120040501,137,21052,104650,2022-12-06T05:00:02
119960278,137,21052,104651,2022-12-06T05:15:02
119962588,137,21052,104657,2022-12-06T05:30:03
119964833,137,21052,104658,2022-12-06T05:45:03
119967172,137,21052,104641,2022-12-06T06:00:03
119969280,137,21052,104645,2022-12-06T06:15:03
119971537,137,21052,104650,2022-12-06T06:30:02
119973662,137,21052,104651,2022-12-06T06:45:02
119975893,137,21052,104660,2022-12-06T07:00:03
119954739,137,21052,104661,2022-12-06T07:15:03
119956964,137,21052,104662,2022-12-06T07:30:02
119959212,137,21052,104666,2022-12-06T07:45:03
119961534,137,21052,104654,2022-12-06T08:00:03
119963643,137,21052,104657,2022-12-06T08:15:02
119965895,137,21052,104658,2022-12-06T08:30:03
119967989,137,21052,104662,2022-12-06T08:45:03
119970283,137,21052,104666,2022-12-06T09:00:03
119971282,137,21053,104669,2022-12-06T09:15:03
119973544,137,21054,104672,2022-12-06T09:30:03
119975705,137,21054,104671,2022-12-06T09:45:03
119977969,137,21054,104656,2022-12-06T10:00:02
119980093,137,21054,104657,2022-12-06T10:15:02
119982326,137,21054,104659,2022-12-06T10:30:02
119984456,137,21054,104660,2022-12-06T10:45:02
119986759,137,21055,104660,2022-12-06T11:00:03
119980564,137,21055,104664,2022-12-06T11:15:02
119982692,137,21055,104666,2022-12-06T11:30:03
119984806,137,21055,104669,2022-12-06T11:45:02
119992489,137,21055,104665,2022-12-06T12:00:03
120016852,137,21055,104668,2022-12-06T12:15:02
120027558,137,21055,104672,2022-12-06T12:30:02
120030314,137,21055,104673,2022-12-06T12:45:02
120030814,137,21055,104679,2022-12-06T13:00:02
120033721,137,21055,104681,2022-12-06T13:15:02
120036611,137,21055,104683,2022-12-06T13:30:02
120039487,137,21055,104684,2022-12-06T13:45:02
120042583,137,21055,104668,2022-12-06T14:00:03
120045542,137,21055,104671,2022-12-06T14:15:02
120048732,137,21055,104677,2022-12-06T14:30:02
120051861,137,21055,104676,2022-12-06T14:45:02
120055458,137,21055,104682,2022-12-06T15:00:03
120060968,137,21055,104686,2022-12-06T15:15:02
120064693,137,21055,104691,2022-12-06T15:30:02
120068213,137,21055,104679,2022-12-06T15:45:02
120071361,137,21055,104686,2022-12-06T16:00:03
120074380,137,21055,104696,2022-12-06T16:15:02
120077354,137,21055,104698,2022-12-06T16:30:02
120080211,137,21055,104701,2022-12-06T16:45:02
120080260,137,21055,104703,2022-12-06T17:00:03
120082999,137,21055,104705,2022-12-06T17:15:02
120085805,137,21055,104691,2022-12-06T17:30:02
120088558,137,21055,104692,2022-12-06T17:45:02
120091224,137,21055,104694,2022-12-06T18:00:03
120094038,137,21055,104698,2022-12-06T18:15:02
120096870,137,21055,104704,2022-12-06T18:30:02
120099684,137,21055,104708,2022-12-06T18:45:02
120089719,137,21056,104699,2022-12-06T19:00:02
120096096,137,21056,104702,2022-12-06T19:15:02
120106209,137,21056,104704,2022-12-06T19:30:02
120110853,137,21056,104707,2022-12-06T19:45:02
120113355,137,21056,104705,2022-12-06T20:00:02
120115855,137,21056,104706,2022-12-06T20:15:02
120117971,137,21056,104708,2022-12-06T20:30:02
120123852,137,21056,104711,2022-12-06T20:45:02
120127876,137,21056,104698,2022-12-06T21:00:03
120130343,138,21057,104701,2022-12-06T21:15:02
120132797,138,21058,104708,2022-12-06T21:30:02
120135225,138,21058,104709,2022-12-06T21:45:02
120137904,138,21058,104718,2022-12-06T22:00:03
120140420,138,21058,104723,2022-12-06T22:15:02
120144284,138,21058,104729,2022-12-06T22:30:02
120144039,138,21058,104732,2022-12-06T22:45:02
120148178,138,21058,104708,2022-12-06T23:00:02
120150614,138,21058,104707,2022-12-06T23:15:02
120152945,138,21058,104713,2022-12-06T23:30:03
120155208,138,21060,104721,2022-12-06T23:45:02
120158229,138,21060,104723,2022-12-07T00:00:03
120163252,138,21060,104727,2022-12-07T00:15:02
120166201,138,21060,104736,2022-12-07T00:30:02
120163734,138,21060,104744,2022-12-07T00:45:02
120166910,138,21062,104723,2022-12-07T01:00:03
120169583,138,21062,104726,2022-12-07T01:15:02
120171696,138,21062,104729,2022-12-07T01:30:03
120173959,138,21060,104730,2022-12-07T01:45:02
120176350,138,21060,104733,2022-12-07T02:00:02
120178582,138,21060,104739,2022-12-07T02:15:02
120180848,139,21060,104741,2022-12-07T02:30:02
120173760,139,21061,104746,2022-12-07T02:45:02
120176638,139,21062,104734,2022-12-07T03:00:03
120181084,139,21062,104745,2022-12-07T03:15:02
120186123,139,21062,104746,2022-12-07T03:30:03
120191866,139,21062,104746,2022-12-07T03:45:02
120196742,139,21062,104749,2022-12-07T04:00:02
120199060,139,21062,104753,2022-12-07T04:15:02
120201209,139,21062,104757,2022-12-07T04:30:03
120159199,139,21062,104760,2022-12-07T04:45:02
120161819,139,21063,104740,2022-12-07T05:00:02
120167502,139,21063,104743,2022-12-07T05:15:02
120173338,139,21063,104745,2022-12-07T05:30:03
120176511,139,21063,104745,2022-12-07T05:45:02
120178555,139,21063,104744,2022-12-07T06:00:02
120180531,139,21063,104748,2022-12-07T06:15:02
120182555,139,21063,104748,2022-12-07T06:30:03
120158750,139,21063,104752,2022-12-07T06:45:02
120163975,139,21063,104745,2022-12-07T07:00:02
120169076,139,21063,104747,2022-12-07T07:15:02
120172341,139,21063,104752,2022-12-07T07:30:03
120176166,139,21063,104752,2022-12-07T07:45:02
120179842,139,21063,104753,2022-12-07T08:00:02
120182820,139,21063,104754,2022-12-07T08:15:02
120184789,139,21063,104758,2022-12-07T08:30:03
120184855,139,21063,104760,2022-12-07T08:45:02
120187010,139,21063,104754,2022-12-07T09:00:02
120189031,139,21063,104757,2022-12-07T09:15:02
120190955,139,21063,104756,2022-12-07T09:30:03
120192977,139,21063,104759,2022-12-07T09:45:02
120195008,139,21063,104759,2022-12-07T10:00:03
120188373,139,21063,104763,2022-12-07T10:15:02
120190468,139,21063,104765,2022-12-07T10:30:02
120192415,139,21064,104769,2022-12-07T10:45:02
120194575,139,21064,104755,2022-12-07T11:00:02
120196754,139,21064,104757,2022-12-07T11:15:02
120198742,139,21064,104761,2022-12-07T11:30:03
120200903,139,21064,104765,2022-12-07T11:45:02
120203127,139,21064,104766,2022-12-07T12:00:02
120206627,139,21064,104770,2022-12-07T12:15:02
120215491,139,21064,104775,2022-12-07T12:30:02
120221947,139,21064,104781,2022-12-07T12:45:02
120225585,139,21064,104773,2022-12-07T13:00:02
120229335,139,21064,104776,2022-12-07T13:15:02
120231982,139,21064,104778,2022-12-07T13:30:02
120234490,139,21064,104779,2022-12-07T13:45:02
120236980,139,21064,104782,2022-12-07T14:00:02
120237901,139,21064,104786,2022-12-07T14:15:02
120240468,139,21064,104788,2022-12-07T14:30:02
120242986,139,21064,104790,2022-12-07T14:45:02
120245599,139,21064,104789,2022-12-07T15:00:02
120251041,139,21064,104799,2022-12-07T15:15:02
120258356,139,21064,104801,2022-12-07T15:30:02
120264481,139,21064,104801,2022-12-07T15:45:02
120267260,139,21064,104803,2022-12-07T16:00:02
120262183,139,21064,104808,2022-12-07T16:15:02
120265025,139,21064,104812,2022-12-07T16:30:02
120268029,139,21064,104793,2022-12-07T16:45:02
120273759,139,21064,104796,2022-12-07T17:00:02
120279426,139,21064,104798,2022-12-07T17:15:02
120283093,139,21064,104804,2022-12-07T17:30:02
120285791,139,21064,104809,2022-12-07T17:45:02
120288910,139,21064,104814,2022-12-07T18:00:02
120291723,139,21064,104816,2022-12-07T18:15:02
120296958,139,21064,104795,2022-12-07T18:30:02
120299826,139,21064,104798,2022-12-07T18:45:02
120302454,139,21064,104799,2022-12-07T19:00:02
120305049,139,21064,104802,2022-12-07T19:15:02
120307412,139,21064,104805,2022-12-07T19:30:02
120309757,139,21064,104809,2022-12-07T19:45:02
120312294,139,21064,104812,2022-12-07T20:00:02
120311982,139,21065,104817,2022-12-07T20:15:02
120314499,139,21065,104797,2022-12-07T20:30:02
120316829,140,21068,104801,2022-12-07T20:45:02
120318998,140,21068,104804,2022-12-07T21:00:02
120321198,140,21068,104804,2022-12-07T21:15:02
120323566,140,21068,104808,2022-12-07T21:30:02
120325726,140,21068,104814,2022-12-07T21:45:02
120327949,140,21068,104818,2022-12-07T22:00:02
120336818,140,21068,104800,2022-12-07T22:15:02
120346306,140,21069,104813,2022-12-07T22:30:02
120353847,140,21069,104815,2022-12-07T22:45:02
120359701,140,21069,104819,2022-12-07T23:00:02
120363466,140,21069,104819,2022-12-07T23:15:02
120365646,140,21069,104826,2022-12-07T23:30:02
120365580,140,21069,104832,2022-12-07T23:45:02
120367738,140,21069,104834,2022-12-08T00:00:03
120369889,140,21069,104811,2022-12-08T00:15:02
120371944,140,21069,104811,2022-12-08T00:30:02
120374108,140,21069,104814,2022-12-08T00:45:02
120376201,140,21069,104814,2022-12-08T01:00:02
120378304,140,21069,104814,2022-12-08T01:15:02
120380574,140,21069,104821,2022-12-08T01:30:02
120381570,140,21069,104823,2022-12-08T01:45:02
120387710,140,21069,104826,2022-12-08T02:00:02
120392482,140,21069,104815,2022-12-08T02:15:02
120396624,140,21069,104819,2022-12-08T02:30:02
120400234,140,21070,104820,2022-12-08T02:45:02
120402941,140,21070,104821,2022-12-08T03:00:02
120405123,140,21070,104824,2022-12-08T03:15:02
120407178,140,21070,104823,2022-12-08T03:30:02
120360102,140,21070,104826,2022-12-08T03:45:02
120365958,140,21070,104818,2022-12-08T04:00:02
120372763,140,21070,104817,2022-12-08T04:15:02
120376943,140,21070,104819,2022-12-08T04:30:02
120380432,140,21070,104821,2022-12-08T04:45:02
120384854,140,21070,104821,2022-12-08T05:00:02
120388980,140,21070,104823,2022-12-08T05:15:02
120387010,140,21070,104823,2022-12-08T05:30:02
120390204,140,21070,104823,2022-12-08T05:45:02
120393348,140,21070,104822,2022-12-08T06:00:02
120395785,140,21070,104825,2022-12-08T06:15:02
120397986,140,21070,104828,2022-12-08T06:30:02
120400074,140,21070,104827,2022-12-08T06:45:02
120401955,140,21070,104828,2022-12-08T07:00:02
120403916,140,21070,104829,2022-12-08T07:15:02
120404250,140,21071,104831,2022-12-08T07:30:02
120406235,140,21071,104835,2022-12-08T07:45:02
120408462,140,21071,104826,2022-12-08T08:00:02
120410637,140,21071,104828,2022-12-08T08:15:02
120412616,140,21071,104830,2022-12-08T08:30:02
120414720,140,21071,104834,2022-12-08T08:45:02
120416806,140,21071,104835,2022-12-08T09:00:02
120418832,139,21071,104836,2022-12-08T09:15:02
120419351,139,21072,104839,2022-12-08T09:30:02
120421337,139,21073,104841,2022-12-08T09:45:02
120423324,139,21073,104833,2022-12-08T10:00:02
120425324,139,21073,104836,2022-12-08T10:15:02
120427253,139,21073,104841,2022-12-08T10:30:02
120429508,139,21073,104842,2022-12-08T10:45:02
120431686,139,21073,104840,2022-12-08T11:00:02
120434058,139,21073,104846,2022-12-08T11:15:02
120407930,139,21073,104850,2022-12-08T11:30:02
120410350,139,21073,104840,2022-12-08T11:45:02
120412780,139,21073,104840,2022-12-08T12:00:02
120415208,139,21073,104846,2022-12-08T12:15:02
120417783,139,21073,104849,2022-12-08T12:30:02
120446182,139,21073,104877,2022-12-08T12:45:02
120419653,139,21073,104858,2022-12-08T13:00:02
120422097,139,21073,104863,2022-12-08T13:15:02
120424635,139,21073,104845,2022-12-08T13:30:02
120427135,139,21073,104847,2022-12-08T13:45:02
120429832,139,21073,104848,2022-12-08T14:00:02
120432680,139,21073,104853,2022-12-08T14:15:02
120435320,139,21073,104854,2022-12-08T14:30:02
120424795,139,21073,104856,2022-12-08T14:45:02
120440546,139,21073,104861,2022-12-08T15:00:02
120457064,139,21073,104848,2022-12-08T15:15:02
120468068,139,21073,104848,2022-12-08T15:30:02
120470770,139,21073,104853,2022-12-08T15:45:02
120473502,139,21073,104856,2022-12-08T16:00:02
120476247,139,21073,104859,2022-12-08T16:15:02
120478817,139,21073,104863,2022-12-08T16:30:02
120472658,139,21073,104862,2022-12-08T16:45:02
120475458,139,21073,104867,2022-12-08T17:00:02
120478279,139,21073,104854,2022-12-08T17:15:02
120480918,139,21075,104856,2022-12-08T17:30:02
120483528,139,21076,104860,2022-12-08T17:45:02
120486294,139,21076,104855,2022-12-08T18:00:02
120488866,139,21076,104861,2022-12-08T18:15:02
120491524,139,21076,104868,2022-12-08T18:30:02
120492981,139,21076,104868,2022-12-08T18:45:02
120495562,139,21076,104869,2022-12-08T19:00:02
120498266,139,21076,104849,2022-12-08T19:15:02
120500972,139,21077,104850,2022-12-08T19:30:02
120503308,139,21077,104849,2022-12-08T19:45:02
120506221,139,21079,104852,2022-12-08T20:00:02
120509157,139,21082,104855,2022-12-08T20:15:02
120509705,139,21085,104862,2022-12-08T20:30:02
120512544,139,21085,104864,2022-12-08T20:45:02
120515479,140,21086,104850,2022-12-08T21:00:02
120518104,140,21086,104851,2022-12-08T21:15:02
120520619,140,21087,104852,2022-12-08T21:30:02
120523360,140,21087,104855,2022-12-08T21:45:02
120529744,140,21087,104854,2022-12-08T22:00:02
120542199,140,21088,104855,2022-12-08T22:15:02
120553309,140,21088,104857,2022-12-08T22:30:02
120554253,140,21088,104859,2022-12-08T22:45:02
120556731,140,21092,104848,2022-12-08T23:00:02
120558817,140,21092,104850,2022-12-08T23:15:02
120560751,140,21092,104848,2022-12-08T23:30:02
120562725,140,21092,104851,2022-12-08T23:45:02
120564557,140,21092,104854,2022-12-09T00:00:03
120566418,140,21092,104856,2022-12-09T00:15:02
120568268,140,21092,104848,2022-12-09T00:30:02
120562942,140,21092,104852,2022-12-09T00:45:02
120565839,140,21092,104858,2022-12-09T01:00:02
120570042,140,21093,104863,2022-12-09T01:15:02
120574606,140,21093,104868,2022-12-09T01:30:02
120577966,140,21094,104874,2022-12-09T01:45:02
120580729,140,21096,104882,2022-12-09T02:00:02
120567742,140,21096,104866,2022-12-09T02:15:02
120571490,140,21098,104869,2022-12-09T02:30:02
120575343,140,21100,104874,2022-12-09T02:45:02
120579014,140,21100,104879,2022-12-09T03:00:03
120582610,140,21101,104885,2022-12-09T03:15:02
120584990,140,21104,104892,2022-12-09T03:30:02
120587520,140,21108,104896,2022-12-09T03:45:02
120550900,140,21112,104871,2022-12-09T04:00:02
120554065,140,21113,104873,2022-12-09T04:15:02
120559344,140,21118,104879,2022-12-09T04:30:02
120563497,140,21119,104883,2022-12-09T04:45:02
120568838,140,21121,104888,2022-12-09T05:00:02
120572027,140,21122,104890,2022-12-09T05:15:02
120574317,140,21122,104898,2022-12-09T05:30:02
120576668,140,21122,104873,2022-12-09T05:45:02
120570962,140,21122,104881,2022-12-09T06:00:02
120573290,140,21122,104886,2022-12-09T06:15:02
120575587,140,21122,104889,2022-12-09T06:30:03
120577817,140,21122,104891,2022-12-09T06:45:02
120580115,140,21122,104895,2022-12-09T07:00:02
120582478,140,21123,104902,2022-12-09T07:15:02
120584684,140,21124,104909,2022-12-09T07:30:02
120586913,140,21125,104887,2022-12-09T07:45:02
120587283,140,21128,104887,2022-12-09T08:00:02
120589644,140,21130,104889,2022-12-09T08:15:02
120596202,140,21131,104891,2022-12-09T08:30:02
120602905,140,21132,104904,2022-12-09T08:45:02
120609572,140,21132,104909,2022-12-09T09:00:02
120613072,140,21132,104908,2022-12-09T09:15:02
120615633,140,21132,104898,2022-12-09T09:30:02
120616601,140,21132,104899,2022-12-09T09:45:02
120618867,140,21132,104901,2022-12-09T10:00:02
120621146,140,21132,104908,2022-12-09T10:15:02
120623323,140,21132,104912,2022-12-09T10:30:02
120625505,140,21132,104915,2022-12-09T10:45:02
120627615,140,21132,104923,2022-12-09T11:00:02
120629990,140,21132,104925,2022-12-09T11:15:02
120632394,140,21132,104904,2022-12-09T11:30:02
120610171,140,21132,104906,2022-12-09T11:45:02
120612736,140,21132,104910,2022-12-09T12:00:02
120615482,140,21132,104914,2022-12-09T12:15:02
120618129,140,21132,104920,2022-12-09T12:30:02
120620897,140,21132,104924,2022-12-09T12:45:02
120623628,140,21132,104930,2022-12-09T13:00:02
120627778,140,21132,104917,2022-12-09T13:15:02
120630859,140,21132,104921,2022-12-09T13:30:02
120628411,140,21132,104927,2022-12-09T13:45:02
120631699,140,21132,104935,2022-12-09T14:00:02
120638931,140,21132,104942,2022-12-09T14:15:02
120642321,140,21132,104944,2022-12-09T14:30:02
120645539,140,21132,104948,2022-12-09T14:45:02
120648756,140,21132,104939,2022-12-09T15:00:02
120651818,140,21132,104945,2022-12-09T15:15:02
120654939,140,21132,104946,2022-12-09T15:30:02
120654560,140,21132,104950,2022-12-09T15:45:02
120657883,140,21132,104953,2022-12-09T16:00:02
120661002,140,21132,104958,2022-12-09T16:15:02
120663924,140,21132,104963,2022-12-09T16:30:02
120666993,140,21132,104945,2022-12-09T16:45:02
120670073,140,21132,104945,2022-12-09T17:00:02
120673264,140,21135,104947,2022-12-09T17:15:02
120658657,140,21136,104951,2022-12-09T17:30:02
120661819,140,21136,104953,2022-12-09T17:45:02
120664507,140,21137,104954,2022-12-09T18:00:02
120667361,141,21141,104960,2022-12-09T18:15:02
120670082,141,21141,104954,2022-12-09T18:30:02
120672896,141,21142,104963,2022-12-09T18:45:02
120675210,141,21145,104963,2022-12-09T19:00:02
120677632,141,21145,104964,2022-12-09T19:15:02
120676046,141,21145,104969,2022-12-09T19:30:03
120678744,141,21148,104970,2022-12-09T19:45:02
120681488,141,21148,104974,2022-12-09T20:00:02
120684199,141,21148,104975,2022-12-09T20:15:02
120686962,141,21148,104964,2022-12-09T20:30:02
120689404,141,21150,104966,2022-12-09T20:45:02
120692066,142,21153,104969,2022-12-09T21:00:02
120694238,142,21155,104975,2022-12-09T21:15:02
120692908,142,21155,104977,2022-12-09T21:30:02
120695455,142,21155,104983,2022-12-09T21:45:02
120697824,142,21155,104985,2022-12-09T22:00:02
120700286,142,21155,104988,2022-12-09T22:15:02
120703001,142,21156,104972,2022-12-09T22:30:02
120705568,142,21156,104979,2022-12-09T22:45:02
120708138,142,21156,104983,2022-12-09T23:00:02
120710760,142,21156,104991,2022-12-09T23:15:02
120710438,142,21157,104997,2022-12-09T23:30:02
120712751,142,21157,105007,2022-12-09T23:45:02
120715084,142,21157,105013,2022-12-10T00:00:03
120717410,142,21157,105015,2022-12-10T00:15:02
120719769,143,21157,104986,2022-12-10T00:30:02
120722133,143,21157,104989,2022-12-10T00:45:02
120724222,143,21157,104991,2022-12-10T01:00:02
120717581,143,21157,104994,2022-12-10T01:15:02
120719958,143,21157,105005,2022-12-10T01:30:02
120722299,143,21157,105010,2022-12-10T01:45:02
120724693,143,21158,105014,2022-12-10T02:00:02
120726870,143,21158,104996,2022-12-10T02:15:02
120729126,143,21158,105000,2022-12-10T02:30:02
120731388,143,21158,105009,2022-12-10T02:45:02
120733737,143,21159,105013,2022-12-10T03:00:02
120687374,143,21160,105020,2022-12-10T03:15:02
120689591,143,21161,105024,2022-12-10T03:30:02
120691614,143,21161,105033,2022-12-10T03:45:02
120693700,143,21161,105007,2022-12-10T04:00:02
120695791,143,21161,105012,2022-12-10T04:15:02
120697933,143,21161,105016,2022-12-10T04:30:02
120700023,143,21161,105017,2022-12-10T04:45:02
120702071,143,21161,105019,2022-12-10T05:00:02
120702737,143,21161,105025,2022-12-10T05:15:02
120704791,143,21161,105029,2022-12-10T05:30:02
120706974,143,21161,105032,2022-12-10T05:45:02
120708996,143,21161,105008,2022-12-10T06:00:02
120711167,143,21161,105012,2022-12-10T06:15:02
120713247,143,21162,105019,2022-12-10T06:30:02
120715199,143,21162,105019,2022-12-10T06:45:02
120717304,143,21162,105021,2022-12-10T07:00:02
120719283,143,21162,105023,2022-12-10T07:15:02
120720105,143,21162,105028,2022-12-10T07:30:02
120722171,143,21165,105012,2022-12-10T07:45:02
120724009,143,21167,105013,2022-12-10T08:00:02
120725801,143,21170,105016,2022-12-10T08:15:02
120727719,143,21171,105024,2022-12-10T08:30:02
120729625,143,21171,105028,2022-12-10T08:45:02
120731751,143,21171,105026,2022-12-10T09:00:02
120732805,143,21171,105026,2022-12-10T09:15:02
120734799,143,21171,105029,2022-12-10T09:30:02
120736690,143,21171,105015,2022-12-10T09:45:02
120738550,143,21171,105017,2022-12-10T10:00:02
120740533,143,21171,105018,2022-12-10T10:15:02
120742455,143,21171,105021,2022-12-10T10:30:02
120744377,143,21171,105024,2022-12-10T10:45:02
120746462,143,21171,105027,2022-12-10T11:00:02
120741685,143,21171,105018,2022-12-10T11:15:02
120743732,143,21171,105020,2022-12-10T11:30:02
120745734,143,21171,105022,2022-12-10T11:45:02
120747828,143,21171,105026,2022-12-10T12:00:02
120750026,143,21171,105029,2022-12-10T12:15:02
120752204,143,21171,105033,2022-12-10T12:30:02
120754386,143,21171,105037,2022-12-10T12:45:02
120756693,143,21171,105023,2022-12-10T13:00:02
120755948,143,21171,105026,2022-12-10T13:15:02
120758503,143,21171,105027,2022-12-10T13:30:02
120761013,143,21171,105030,2022-12-10T13:45:02
120763494,143,21171,105035,2022-12-10T14:00:02
120766118,143,21171,105041,2022-12-10T14:15:02
120768612,143,21171,105047,2022-12-10T14:30:02
120771189,143,21171,105047,2022-12-10T14:45:02
120773848,143,21171,105035,2022-12-10T15:00:02
120774627,143,21171,105042,2022-12-10T15:15:02
120777371,143,21171,105046,2022-12-10T15:30:02
120780076,143,21171,105075,2022-12-10T15:45:02
120781681,143,21171,105079,2022-12-10T16:00:02
120782809,143,21171,105079,2022-12-10T16:15:02
120783869,143,21171,105082,2022-12-10T16:30:02
120784819,143,21171,105086,2022-12-10T16:45:02
120785790,143,21171,105048,2022-12-10T17:00:02
120775115,143,21173,105053,2022-12-10T17:15:02
120777856,143,21173,105057,2022-12-10T17:30:02
120781766,143,21173,105057,2022-12-10T17:45:02
120785331,143,21173,105060,2022-12-10T18:00:02
120788649,143,21173,105068,2022-12-10T18:15:02
120791884,143,21173,105072,2022-12-10T18:30:02
120794958,143,21173,105071,2022-12-10T18:45:02
120797706,143,21173,105073,2022-12-10T19:00:02
120785937,143,21173,105079,2022-12-10T19:15:02
120788449,143,21175,105081,2022-12-10T19:30:02
120791714,143,21175,105086,2022-12-10T19:45:02
120795256,143,21176,105090,2022-12-10T20:00:02
120798676,143,21177,105099,2022-12-10T20:15:03
120801903,143,21177,105097,2022-12-10T20:30:02
120804861,143,21177,105075,2022-12-10T20:45:02
120807970,143,21177,105083,2022-12-10T21:00:02
120801826,143,21177,105087,2022-12-10T21:15:02
120805032,143,21177,105093,2022-12-10T21:30:02
120808263,143,21177,105095,2022-12-10T21:45:02
120811240,143,21177,105094,2022-12-10T22:00:02
120814274,143,21177,105095,2022-12-10T22:15:02
120817221,143,21177,105073,2022-12-10T22:30:02
120820056,143,21177,105077,2022-12-10T22:45:02
120818894,143,21177,105079,2022-12-10T23:00:02
120821542,143,21177,105081,2022-12-10T23:15:02
120824219,143,21178,105086,2022-12-10T23:30:02
120826849,143,21178,105089,2022-12-10T23:45:02
120829234,143,21178,105091,2022-12-11T00:00:03
120831697,143,21178,105079,2022-12-11T00:15:02
120834014,143,21178,105081,2022-12-11T00:30:02
120836326,143,21178,105082,2022-12-11T00:45:02
120837237,143,21178,105083,2022-12-11T01:00:02
120839458,143,21178,105087,2022-12-11T01:15:02
120841704,143,21178,105090,2022-12-11T01:30:02
120843783,143,21178,105103,2022-12-11T01:45:02
120846009,143,21179,105105,2022-12-11T02:00:02
120848358,143,21179,105113,2022-12-11T02:15:02
120850622,143,21179,105097,2022-12-11T02:30:02
120852718,143,21179,105102,2022-12-11T02:45:02
120805207,143,21179,105118,2022-12-11T03:00:02
120807467,143,21179,105124,2022-12-11T03:15:02
120809628,143,21179,105126,2022-12-11T03:30:02
120811893,143,21179,105126,2022-12-11T03:45:02
120814017,143,21179,105130,2022-12-11T04:00:02
120816196,143,21179,105131,2022-12-11T04:15:02
120818526,143,21179,105108,2022-12-11T04:30:02
120820868,143,21179,105113,2022-12-11T04:45:02
120815030,143,21179,105115,2022-12-11T05:00:02
120817211,143,21179,105119,2022-12-11T05:15:02
120819453,143,21179,105122,2022-12-11T05:30:02
120821731,143,21180,105122,2022-12-11T05:45:02
120824097,143,21180,105127,2022-12-11T06:00:02
120826440,143,21180,105111,2022-12-11T06:15:02
120828612,143,21179,105112,2022-12-11T06:30:02
120830828,143,21179,105113,2022-12-11T06:45:02
120831463,143,21179,105116,2022-12-11T07:00:02
120833798,143,21180,105118,2022-12-11T07:15:02
120836116,143,21180,105121,2022-12-11T07:30:02
120838502,144,21181,105125,2022-12-11T07:45:02
120841016,144,21185,105128,2022-12-11T08:00:02
120843247,144,21187,105119,2022-12-11T08:15:02
120845844,144,21190,105120,2022-12-11T08:30:02
120848240,144,21191,105123,2022-12-11T08:45:02
120848500,144,21193,105129,2022-12-11T09:00:02
120850919,144,21194,105135,2022-12-11T09:15:02
120853666,144,21194,105146,2022-12-11T09:30:02
120856306,144,21194,105150,2022-12-11T09:45:02
120858840,144,21194,105126,2022-12-11T10:00:02
120861414,144,21194,105132,2022-12-11T10:15:02
120863978,144,21198,105132,2022-12-11T10:30:02
120866849,144,21198,105139,2022-12-11T10:45:02
120859640,144,21199,105141,2022-12-11T11:00:02
120862174,144,21199,105145,2022-12-11T11:15:02
120865008,144,21199,105151,2022-12-11T11:30:02
120867918,144,21199,105157,2022-12-11T11:45:02
120870858,144,21199,105129,2022-12-11T12:00:02
120873902,144,21199,105130,2022-12-11T12:15:02
120877336,144,21199,105129,2022-12-11T12:30:02
120880498,144,21199,105134,2022-12-11T12:45:02
120880263,144,21199,105139,2022-12-11T13:00:02
120883659,144,21199,105146,2022-12-11T13:15:02
120887346,144,21199,105154,2022-12-11T13:30:02
120890748,144,21199,105162,2022-12-11T13:45:02
120893959,144,21199,105149,2022-12-11T14:00:02
120897207,144,21199,105160,2022-12-11T14:15:02
120900555,144,21199,105164,2022-12-11T14:30:02
120904069,144,21199,105169,2022-12-11T14:45:02
120903400,144,21199,105175,2022-12-11T15:00:02
120907140,144,21199,105179,2022-12-11T15:15:02
120911072,144,21199,105182,2022-12-11T15:30:02
120914928,144,21199,105187,2022-12-11T15:45:02
120918590,144,21199,105177,2022-12-11T16:00:02
120922164,144,21199,105173,2022-12-11T16:15:02
120925827,144,21199,105177,2022-12-11T16:30:02
120929615,144,21199,105182,2022-12-11T16:45:02
120918986,144,21199,105188,2022-12-11T17:00:02
120922770,144,21199,105190,2022-12-11T17:15:03
120926811,144,21199,105194,2022-12-11T17:30:02
120930801,144,21199,105205,2022-12-11T17:45:02
120934672,144,21199,105183,2022-12-11T18:00:02
120938423,144,21200,105199,2022-12-11T18:15:02
120939240,144,21200,105208,2022-12-11T18:30:02
120943297,144,21201,105212,2022-12-11T18:45:02
120947286,144,21203,105214,2022-12-11T19:00:02
120951229,144,21204,105216,2022-12-11T19:15:02
120955184,144,21206,105218,2022-12-11T19:30:02
120958988,144,21207,105184,2022-12-11T19:45:02
120962892,144,21209,105190,2022-12-11T20:00:02
120966595,144,21210,105185,2022-12-11T20:15:02
120964727,144,21213,105190,2022-12-11T20:30:02
120968141,144,21213,105189,2022-12-11T20:45:02
120971468,144,21213,105195,2022-12-11T21:00:02
120974828,144,21214,105197,2022-12-11T21:15:02
120977781,144,21214,105191,2022-12-11T21:30:02
120980878,144,21215,105194,2022-12-11T21:45:02
120984212,144,21215,105199,2022-12-11T22:00:02
120987517,144,21215,105199,2022-12-11T22:15:02
120986211,144,21215,105204,2022-12-11T22:30:02
120989143,144,21215,105207,2022-12-11T22:45:02
120992020,144,21215,105214,2022-12-11T23:00:02
120994749,144,21215,105221,2022-12-11T23:15:02
120997588,144,21215,105197,2022-12-11T23:30:02
121000317,144,21216,105203,2022-12-11T23:45:03
120999137,144,21216,105206,2022-12-12T00:00:03
121001697,144,21216,105208,2022-12-12T00:15:02
121004216,144,21218,105210,2022-12-12T00:30:02
121006729,144,21218,105217,2022-12-12T00:45:02
121009101,144,21218,105202,2022-12-12T01:00:02
121011443,144,21219,105204,2022-12-12T01:15:02
121013776,144,21220,105206,2022-12-12T01:30:02
121015969,144,21220,105212,2022-12-12T01:45:02
120985348,144,21220,105218,2022-12-12T02:00:02
120987736,144,21220,105220,2022-12-12T02:15:02
120990165,144,21220,105223,2022-12-12T02:30:02
120992686,144,21220,105214,2022-12-12T02:45:02
120995130,144,21220,105214,2022-12-12T03:00:02
120997604,144,21220,105217,2022-12-12T03:15:03
121000139,144,21220,105219,2022-12-12T03:30:02
121002486,144,21220,105220,2022-12-12T03:45:02
120971027,144,21220,105229,2022-12-12T04:00:02
120973257,144,21220,105236,2022-12-12T04:15:02
120975766,144,21220,105220,2022-12-12T04:30:02
120978033,144,21220,105227,2022-12-12T04:45:02
120980319,144,21220,105231,2022-12-12T05:00:02
120982584,144,21220,105234,2022-12-12T05:15:02
120984947,144,21220,105239,2022-12-12T05:30:02
120987295,144,21220,105245,2022-12-12T05:45:02
120987013,144,21220,105257,2022-12-12T06:00:02
120989262,144,21220,105261,2022-12-12T06:15:02
120991406,144,21220,105230,2022-12-12T06:30:02
120993565,144,21220,105232,2022-12-12T06:45:02
120995676,144,21220,105236,2022-12-12T07:00:02
120997911,144,21220,105238,2022-12-12T07:15:02
121000403,144,21220,105243,2022-12-12T07:30:02
121003020,144,21220,105243,2022-12-12T07:45:02
121002319,144,21220,105235,2022-12-12T08:00:02
121004642,144,21220,105236,2022-12-12T08:15:02
121006867,144,21220,105239,2022-12-12T08:30:02
121009184,144,21220,105240,2022-12-12T08:45:02
121011393,144,21220,105246,2022-12-12T09:00:02
121013670,144,21220,105247,2022-12-12T09:15:02
121015865,144,21220,105247,2022-12-12T09:30:02
121018206,144,21220,105251,2022-12-12T09:45:02
121014351,144,21220,105246,2022-12-12T10:00:02
121016593,144,21220,105258,2022-12-12T10:15:02
121018964,144,21220,105261,2022-12-12T10:30:02
121021254,144,21220,105265,2022-12-12T10:45:02
121023597,144,21220,105269,2022-12-12T11:00:02
121025928,144,21222,105270,2022-12-12T11:15:02
121028216,144,21223,105274,2022-12-12T11:30:03
121030326,144,21224,105254,2022-12-12T11:45:02
121020203,144,21225,105257,2022-12-12T12:00:02
121022667,144,21225,105262,2022-12-12T12:15:02
121025044,144,21226,105261,2022-12-12T12:30:02
121027422,144,21226,105263,2022-12-12T12:45:02
121030026,144,21226,105263,2022-12-12T13:00:02
121032715,144,21226,105263,2022-12-12T13:15:02
121035493,145,21229,105268,2022-12-12T13:30:02
121038476,145,21230,105274,2022-12-12T13:45:02
121037103,146,21230,105275,2022-12-12T14:00:02
121039973,146,21231,105281,2022-12-12T14:15:02
121042626,146,21234,105282,2022-12-12T14:30:02
121045460,148,21236,105284,2022-12-12T14:45:02
121048440,148,21236,105296,2022-12-12T15:00:02
121051394,148,21236,105283,2022-12-12T15:15:02
121054574,148,21236,105291,2022-12-12T15:30:02
121057602,148,21236,105295,2022-12-12T15:45:02
121050264,148,21236,105295,2022-12-12T16:00:02
121053233,148,21236,105301,2022-12-12T16:15:02
121056459,148,21236,105307,2022-12-12T16:30:02
121059575,148,21236,105312,2022-12-12T16:45:02
121062793,148,21236,105315,2022-12-12T17:00:02
121066007,148,21236,105294,2022-12-12T17:15:02
121069323,148,21236,105298,2022-12-12T17:30:02
121066635,148,21236,105300,2022-12-12T17:45:02
121069657,148,21236,105305,2022-12-12T18:00:02
121072374,148,21236,105313,2022-12-12T18:15:02
121075316,148,21236,105324,2022-12-12T18:30:02
121078214,148,21236,105326,2022-12-12T18:45:02
121081105,148,21236,105304,2022-12-12T19:00:02
121083954,148,21236,105308,2022-12-12T19:15:02
121080250,148,21236,105311,2022-12-12T19:30:02
121082948,148,21237,105317,2022-12-12T19:45:02
121085541,148,21239,105317,2022-12-12T20:00:02
121088294,148,21239,105314,2022-12-12T20:15:02
121090972,148,21239,105315,2022-12-12T20:30:02
121093691,148,21239,105314,2022-12-12T20:45:02
121096517,148,21244,105314,2022-12-12T21:00:02
121099180,148,21245,105322,2022-12-12T21:15:02
121098898,148,21245,105325,2022-12-12T21:30:02
121101543,148,21248,105334,2022-12-12T21:45:02
121104065,148,21248,105344,2022-12-12T22:00:02
121106601,148,21248,105347,2022-12-12T22:15:02
121109114,148,21249,105331,2022-12-12T22:30:02
121111520,148,21249,105339,2022-12-12T22:45:02
121113920,148,21249,105346,2022-12-12T23:00:02
121113619,148,21249,105343,2022-12-12T23:15:02
121116039,148,21249,105347,2022-12-12T23:30:02
121118407,148,21249,105346,2022-12-12T23:45:02
121120657,148,21249,105348,2022-12-13T00:00:02
121122788,148,21249,105351,2022-12-13T00:15:02
121125084,148,21249,105345,2022-12-13T00:30:02
121127220,148,21249,105350,2022-12-13T00:45:02
121129433,148,21251,105356,2022-12-13T01:00:02
121125337,148,21252,105360,2022-12-13T01:15:02
121129013,148,21253,105363,2022-12-13T01:30:02
121132261,148,21252,105367,2022-12-13T01:45:02
121135317,148,21252,105374,2022-12-13T02:00:02
121138220,148,21252,105378,2022-12-13T02:15:02
121141283,148,21253,105341,2022-12-13T02:30:02
121144378,148,21253,105346,2022-12-13T02:45:02
121091884,148,21253,105352,2022-12-13T03:00:02
121094774,148,21253,105355,2022-12-13T03:15:02
121097858,148,21253,105356,2022-12-13T03:30:02
121100806,148,21253,105364,2022-12-13T03:45:02
121103770,148,21254,105364,2022-12-13T04:00:02
121106473,148,21254,105369,2022-12-13T04:15:02
121109290,148,21254,105352,2022-12-13T04:30:02
121111846,148,21254,105358,2022-12-13T04:45:02
121095233,148,21254,105362,2022-12-13T05:00:02
121097645,148,21254,105366,2022-12-13T05:15:02
121100199,148,21254,105369,2022-12-13T05:30:02
121102518,148,21255,105375,2022-12-13T05:45:02
121104875,148,21256,105377,2022-12-13T06:00:02
121107177,148,21257,105350,2022-12-13T06:15:02
121109533,148,21259,105348,2022-12-13T06:30:02
121109186,148,21260,105351,2022-12-13T06:45:02
121111264,148,21260,105354,2022-12-13T07:00:02
121113485,148,21260,105357,2022-12-13T07:15:02
121115711,148,21260,105358,2022-12-13T07:30:02
121117881,148,21260,105360,2022-12-13T07:45:02
121119923,148,21261,105360,2022-12-13T08:00:02
121122060,148,21261,105358,2022-12-13T08:15:02
121124110,148,21262,105361,2022-12-13T08:30:02
121123016,148,21262,105360,2022-12-13T08:45:02
121125323,148,21262,105361,2022-12-13T09:00:02
121127525,148,21262,105359,2022-12-13T09:15:02
121129690,148,21262,105360,2022-12-13T09:30:02
121131755,148,21262,105367,2022-12-13T09:45:02
121133865,148,21262,105372,2022-12-13T10:00:02
121136026,148,21262,105359,2022-12-13T10:15:02
121138309,148,21262,105361,2022-12-13T10:30:02
121137773,148,21262,105364,2022-12-13T10:45:02
121140120,148,21262,105366,2022-12-13T11:00:02
121142500,148,21262,105371,2022-12-13T11:15:02
121144911,148,21262,105377,2022-12-13T11:30:02
121147246,148,21262,105379,2022-12-13T11:45:02
121149724,148,21262,105367,2022-12-13T12:00:02
121152322,148,21262,105370,2022-12-13T12:15:02
121150742,148,21262,105374,2022-12-13T12:30:02
121153441,148,21262,105375,2022-12-13T12:45:02
121156065,148,21262,105378,2022-12-13T13:00:02
121158760,148,21262,105384,2022-12-13T13:15:02
121161410,148,21262,105389,2022-12-13T13:30:02
121164122,148,21262,105376,2022-12-13T13:45:02
121166935,148,21262,105383,2022-12-13T14:00:02
121163464,148,21262,105385,2022-12-13T14:15:02
121166315,148,21262,105386,2022-12-13T14:30:02
121169364,148,21262,105387,2022-12-13T14:45:02
121172482,148,21262,105389,2022-12-13T15:00:03
121175451,148,21262,105393,2022-12-13T15:15:02
121178538,148,21262,105394,2022-12-13T15:30:02
121181515,148,21262,105398,2022-12-13T15:45:02
121179669,148,21262,105380,2022-12-13T16:00:02
121182578,148,21262,105385,2022-12-13T16:15:02
121185761,148,21262,105393,2022-12-13T16:30:02
121188815,148,21262,105396,2022-12-13T16:45:02
121191950,148,21262,105399,2022-12-13T17:00:02
121194987,148,21262,105402,2022-12-13T17:15:02
121197941,148,21262,105408,2022-12-13T17:30:02
121188414,148,21262,105412,2022-12-13T17:45:02
121191325,148,21262,105384,2022-12-13T18:00:02
121194169,148,21266,105387,2022-12-13T18:15:02
121197084,148,21268,105390,2022-12-13T18:30:02
121199809,148,21269,105398,2022-12-13T18:45:02
121202594,148,21271,105399,2022-12-13T19:00:02
121205241,148,21273,105403,2022-12-13T19:15:02
121207792,148,21273,105405,2022-12-13T19:30:02
121202769,148,21274,105404,2022-12-13T19:45:02
121205516,148,21275,105391,2022-12-13T20:00:02
121208297,148,21275,105394,2022-12-13T20:15:02
121210945,148,21275,105401,2022-12-13T20:30:02
121213431,148,21276,105406,2022-12-13T20:45:03
121215979,148,21277,105412,2022-12-13T21:00:02
121218390,148,21278,105412,2022-12-13T21:15:02
121221102,148,21280,105412,2022-12-13T21:30:02
121219822,148,21281,105414,2022-12-13T21:45:02
121222120,148,21281,105402,2022-12-13T22:00:02
121224432,148,21281,105407,2022-12-13T22:15:02
121226647,148,21281,105413,2022-12-13T22:30:02
121228668,148,21281,105415,2022-12-13T22:45:02
121230853,148,21281,105416,2022-12-13T23:00:02
121230520,148,21286,105421,2022-12-13T23:15:02
121232401,148,21288,105427,2022-12-13T23:30:02
121234495,148,21289,105404,2022-12-13T23:45:02
121236553,148,21289,105410,2022-12-14T00:00:02
121238494,148,21291,105414,2022-12-14T00:15:03
121240640,148,21291,105414,2022-12-14T00:30:02
121242721,148,21291,105415,2022-12-14T00:45:02
121245118,148,21291,105419,2022-12-14T01:00:02
121245026,148,21291,105421,2022-12-14T01:15:02
121247180,148,21291,105415,2022-12-14T01:30:02
121249144,148,21291,105418,2022-12-14T01:45:02
121251122,148,21291,105427,2022-12-14T02:00:02
121253153,148,21291,105427,2022-12-14T02:15:02
121255103,148,21291,105429,2022-12-14T02:30:02
121257107,148,21291,105436,2022-12-14T02:45:02
121259086,148,21291,105436,2022-12-14T03:00:02
121198189,148,21293,105423,2022-12-14T03:15:02
121200015,148,21296,105429,2022-12-14T03:30:02
121201928,148,21297,105431,2022-12-14T03:45:02
121203918,148,21300,105436,2022-12-14T04:00:02
121205745,148,21304,105438,2022-12-14T04:15:02
121207386,148,21311,105442,2022-12-14T04:30:02
121209216,148,21314,105443,2022-12-14T04:45:02
121207544,148,21314,105429,2022-12-14T05:00:02
121209365,148,21314,105430,2022-12-14T05:15:02
121211192,148,21314,105433,2022-12-14T05:30:02
121212960,148,21314,105435,2022-12-14T05:45:02
121214731,148,21314,105440,2022-12-14T06:00:02
121216509,148,21314,105433,2022-12-14T06:15:02
121218332,148,21314,105431,2022-12-14T06:30:02
121220023,148,21315,105435,2022-12-14T06:45:02
121219260,148,21317,105414,2022-12-14T07:00:02
121221178,148,21317,105414,2022-12-14T07:15:02
121222894,148,21317,105414,2022-12-14T07:30:02
121224701,148,21317,105412,2022-12-14T07:45:02
121226591,148,21317,105414,2022-12-14T08:00:02
121228371,148,21317,105418,2022-12-14T08:15:02
121230308,148,21318,105426,2022-12-14T08:30:02
121232121,148,21319,105420,2022-12-14T08:45:02
121230764,148,21320,105424,2022-12-14T09:00:02
121232470,148,21323,105430,2022-12-14T09:15:02
121234175,148,21323,105434,2022-12-14T09:30:02
121235896,148,21322,105438,2022-12-14T09:45:02
121237712,148,21322,105446,2022-12-14T10:00:02
121239445,148,21323,105448,2022-12-14T10:15:02
121241364,148,21324,105424,2022-12-14T10:30:02
121239316,148,21324,105422,2022-12-14T10:45:02
121241246,148,21325,105424,2022-12-14T11:00:02
121243024,148,21327,105428,2022-12-14T11:15:02
121244839,148,21327,105428,2022-12-14T11:30:02
121246755,148,21330,105431,2022-12-14T11:45:02
121248728,148,21330,105436,2022-12-14T12:00:03
121250658,148,21331,105439,2022-12-14T12:15:02
121252687,148,21331,105447,2022-12-14T12:30:02
121251397,148,21331,105448,2022-12-14T12:45:02
121253579,148,21331,105454,2022-12-14T13:00:02
121255746,148,21331,105458,2022-12-14T13:15:02
121257883,148,21331,105460,2022-12-14T13:30:02
121260349,148,21331,105465,2022-12-14T13:45:02
121262744,148,21331,105472,2022-12-14T14:00:02
121265169,148,21331,105475,2022-12-14T14:15:02
121267584,148,21331,105454,2022-12-14T14:30:02
121267177,148,21331,105456,2022-12-14T14:45:02
121269784,148,21331,105456,2022-12-14T15:00:02
121272468,148,21331,105462,2022-12-14T15:15:02
121275098,148,21331,105467,2022-12-14T15:30:02
121277616,148,21331,105469,2022-12-14T15:45:02
121280254,148,21331,105474,2022-12-14T16:00:02
121282863,148,21331,105478,2022-12-14T16:15:02
121285401,148,21331,105462,2022-12-14T16:30:02
121283483,148,21331,105466,2022-12-14T16:45:02
121286086,148,21331,105471,2022-12-14T17:00:02
121288640,148,21331,105479,2022-12-14T17:15:02
121291144,148,21331,105481,2022-12-14T17:30:02
121293691,148,21331,105481,2022-12-14T17:45:02
121296294,148,21331,105485,2022-12-14T18:00:02
121298828,148,21331,105470,2022-12-14T18:15:02
121301339,148,21331,105473,2022-12-14T18:30:02
121294433,148,21331,105478,2022-12-14T18:45:02
121297067,148,21331,105480,2022-12-14T19:00:02
121299432,148,21331,105483,2022-12-14T19:15:02
121301839,148,21332,105484,2022-12-14T19:30:02
121304155,148,21332,105486,2022-12-14T19:45:02
121306627,148,21332,105487,2022-12-14T20:00:02
121309245,148,21333,105478,2022-12-14T20:15:02
121307867,148,21333,105483,2022-12-14T20:30:02
121309959,148,21333,105487,2022-12-14T20:45:03
121312441,148,21333,105489,2022-12-14T21:00:02
121314937,148,21333,105491,2022-12-14T21:15:02
121317255,148,21333,105492,2022-12-14T21:30:02
121319652,148,21333,105498,2022-12-14T21:45:02
121322177,148,21333,105485,2022-12-14T22:00:02
121324596,148,21334,105489,2022-12-14T22:15:02
121322667,148,21334,105490,2022-12-14T22:30:02
121325077,148,21334,105496,2022-12-14T22:45:02
121327445,148,21335,105497,2022-12-14T23:00:02
121329795,148,21335,105502,2022-12-14T23:15:02
121331865,148,21335,105502,2022-12-14T23:30:02
121333817,148,21335,105497,2022-12-14T23:45:02
121335726,148,21335,105499,2022-12-15T00:00:03
121337427,148,21336,105501,2022-12-15T00:15:02
121336762,148,21336,105502,2022-12-15T00:30:02
121338654,148,21336,105511,2022-12-15T00:45:02
121340317,148,21337,105509,2022-12-15T01:00:02
121342107,148,21337,105511,2022-12-15T01:15:02
121344090,148,21337,105517,2022-12-15T01:30:02
121346052,148,21337,105498,2022-12-15T01:45:02
121348045,148,21337,105497,2022-12-15T02:00:02
121335415,148,21337,105498,2022-12-15T02:15:02
121337267,148,21337,105500,2022-12-15T02:30:02
121339169,148,21337,105502,2022-12-15T02:45:02
121341124,148,21337,105503,2022-12-15T03:00:02
121343039,148,21337,105506,2022-12-15T03:15:02
121345040,148,21337,105507,2022-12-15T03:30:02
121346883,148,21337,105495,2022-12-15T03:45:02
121348734,148,21339,105494,2022-12-15T04:00:02
121305941,148,21339,105494,2022-12-15T04:15:02
121307823,148,21339,105495,2022-12-15T04:30:02
121309691,148,21339,105496,2022-12-15T04:45:02
121311398,148,21339,105494,2022-12-15T05:00:02
121313216,148,21339,105494,2022-12-15T05:15:02
121315111,148,21340,105494,2022-12-15T05:30:02
121316832,148,21340,105497,2022-12-15T05:45:02
121318508,148,21340,105497,2022-12-15T06:00:02
121320289,148,21340,105499,2022-12-15T06:15:02
121320362,148,21341,105499,2022-12-15T06:30:02
121322207,148,21341,105508,2022-12-15T06:45:02
121323880,148,21341,105509,2022-12-15T07:00:02
121325712,148,21341,105503,2022-12-15T07:15:02
121327362,148,21341,105503,2022-12-15T07:30:02
121329068,148,21341,105508,2022-12-15T07:45:02
121330970,148,21341,105511,2022-12-15T08:00:02
121330663,148,21341,105512,2022-12-15T08:15:02
121332431,148,21341,105515,2022-12-15T08:30:02
121334283,148,21341,105519,2022-12-15T08:45:02
121336137,148,21341,105522,2022-12-15T09:00:02
121337858,148,21341,105518,2022-12-15T09:15:02
121339695,148,21341,105521,2022-12-15T09:30:02
121341362,148,21341,105524,2022-12-15T09:45:02
121343040,148,21341,105526,2022-12-15T10:00:03
121342558,148,21341,105527,2022-12-15T10:15:02
121344372,148,21341,105533,2022-12-15T10:30:02
121346126,148,21341,105535,2022-12-15T10:45:02
121347965,148,21341,105537,2022-12-15T11:00:02
121349678,148,21341,105521,2022-12-15T11:15:03
121351364,148,21341,105525,2022-12-15T11:30:02
121353220,148,21341,105526,2022-12-15T11:45:02
121355157,148,21341,105529,2022-12-15T12:00:02
121341925,148,21341,105535,2022-12-15T12:15:02
121344174,148,21341,105537,2022-12-15T12:30:02
121346305,148,21341,105544,2022-12-15T12:45:02
121348585,148,21341,105518,2022-12-15T13:00:02
121350759,148,21341,105526,2022-12-15T13:15:02
121353036,148,21341,105529,2022-12-15T13:30:02
121355270,148,21341,105530,2022-12-15T13:45:02
121357568,148,21341,105532,2022-12-15T14:00:02
121347560,148,21341,105535,2022-12-15T14:15:02
121349897,148,21341,105535,2022-12-15T14:30:02
121352033,148,21341,105540,2022-12-15T14:45:02
121354408,148,21343,105522,2022-12-15T15:00:02
121356849,148,21343,105522,2022-12-15T15:15:02
121359437,148,21343,105528,2022-12-15T15:30:02
121361856,148,21343,105531,2022-12-15T15:45:02
121358458,148,21343,105531,2022-12-15T16:00:02
121360957,148,21343,105533,2022-12-15T16:15:02
121363430,148,21343,105524,2022-12-15T16:30:02
121365910,148,21343,105526,2022-12-15T16:45:02
121373736,148,21343,105526,2022-12-15T17:00:02
121379976,148,21343,105529,2022-12-15T17:15:02
121383110,148,21343,105535,2022-12-15T17:30:02
121395589,148,21343,105536,2022-12-15T17:45:02
121403541,148,21343,105540,2022-12-15T18:00:02
121461960,148,21343,105543,2022-12-15T18:15:02
121528477,148,21345,105519,2022-12-15T18:30:02
121543120,148,21347,105520,2022-12-15T18:45:02
121551549,148,21347,105523,2022-12-15T19:00:02
121555593,148,21347,105528,2022-12-15T19:15:03
121559073,148,21347,105533,2022-12-15T19:30:02
121562036,148,21347,105537,2022-12-15T19:45:02
121565866,148,21348,105540,2022-12-15T20:00:02
121568149,148,21348,105542,2022-12-15T20:15:02
121573926,148,21348,105525,2022-12-15T20:30:02
121583158,148,21349,105528,2022-12-15T20:45:02
121591442,148,21349,105527,2022-12-15T21:00:02
121604314,148,21349,105529,2022-12-15T21:15:02
121617628,148,21349,105529,2022-12-15T21:30:02
121623780,148,21349,105531,2022-12-15T21:45:02
121637247,148,21349,105533,2022-12-15T22:00:02
121651245,148,21349,105533,2022-12-15T22:15:02
121663287,148,21349,105526,2022-12-15T22:30:02
121674116,148,21349,105527,2022-12-15T22:45:02
121678390,148,21349,105529,2022-12-15T23:00:03
121681919,148,21349,105530,2022-12-15T23:15:02
121684994,148,21353,105528,2022-12-15T23:30:02
121681922,148,21353,105530,2022-12-15T23:45:02
121685134,148,21353,105533,2022-12-16T00:00:03
121690166,148,21353,105529,2022-12-16T00:15:02
121693784,148,21353,105529,2022-12-16T00:30:02
121696951,148,21353,105531,2022-12-16T00:45:02
121699818,148,21353,105532,2022-12-16T01:00:02
121702738,148,21353,105537,2022-12-16T01:15:02
121698542,148,21353,105539,2022-12-16T01:30:02
121701621,148,21353,105540,2022-12-16T01:45:02
121706243,148,21353,105543,2022-12-16T02:00:02
121710043,148,21354,105547,2022-12-16T02:15:02
121711920,148,21356,105522,2022-12-16T02:30:02
121713985,148,21356,105526,2022-12-16T02:45:02
121715895,148,21356,105529,2022-12-16T03:00:02
121650150,148,21357,105532,2022-12-16T03:15:02
121651957,148,21358,105536,2022-12-16T03:30:02
121653953,148,21362,105537,2022-12-16T03:45:02
121655800,148,21363,105546,2022-12-16T04:00:02
121657439,148,21364,105545,2022-12-16T04:15:02
121659633,148,21364,105538,2022-12-16T04:30:02
121661633,149,21367,105540,2022-12-16T04:45:02
121663382,150,21370,105547,2022-12-16T05:00:02
121658092,150,21371,105535,2022-12-16T05:15:02
121660073,150,21373,105540,2022-12-16T05:30:02
121661831,150,21373,105543,2022-12-16T05:45:02
121663577,150,21373,105516,2022-12-16T06:00:02
121665264,150,21373,105518,2022-12-16T06:15:02
121666991,150,21376,105523,2022-12-16T06:30:02
121668593,150,21377,105526,2022-12-16T06:45:02
121670161,150,21379,105523,2022-12-16T07:00:02
121669096,150,21383,105521,2022-12-16T07:15:02
121670674,149,21384,105526,2022-12-16T07:30:02
121672228,150,21387,105527,2022-12-16T07:45:02
121673966,151,21389,105521,2022-12-16T08:00:02
121675867,151,21389,105523,2022-12-16T08:15:02
121677906,151,21391,105524,2022-12-16T08:30:02
121679882,151,21391,105524,2022-12-16T08:45:02
121679679,151,21391,105527,2022-12-16T09:00:02
121681772,151,21391,105533,2022-12-16T09:15:02
121683743,151,21391,105535,2022-12-16T09:30:02
121685676,151,21391,105537,2022-12-16T09:45:02
121687724,151,21391,105526,2022-12-16T10:00:02
121689697,151,21391,105530,2022-12-16T10:15:02
121691646,151,21391,105532,2022-12-16T10:30:02
121693700,151,21391,105535,2022-12-16T10:45:02
121666571,151,21391,105536,2022-12-16T11:00:02
121668808,151,21391,105538,2022-12-16T11:15:02
121671050,151,21391,105541,2022-12-16T11:30:02
121673369,151,21391,105544,2022-12-16T11:45:02
121675668,151,21391,105527,2022-12-16T12:00:02
121677844,151,21391,105532,2022-12-16T12:15:02
121680312,151,21391,105539,2022-12-16T12:30:03
121682749,151,21391,105541,2022-12-16T12:45:02
121681148,151,21391,105544,2022-12-16T13:00:02
121683599,151,21391,105551,2022-12-16T13:15:02
121686166,151,21391,105558,2022-12-16T13:30:03
121688682,151,21391,105562,2022-12-16T13:45:02
121691085,151,21391,105535,2022-12-16T14:00:02
121693789,151,21391,105542,2022-12-16T14:15:02
121696294,151,21391,105550,2022-12-16T14:30:02
121696263,151,21391,105553,2022-12-16T14:45:02
121698947,151,21391,105557,2022-12-16T15:00:02
121701394,151,21391,105562,2022-12-16T15:15:02
121704007,151,21391,105539,2022-12-16T15:30:02
121706705,151,21391,105541,2022-12-16T15:45:02
121709192,151,21391,105546,2022-12-16T16:00:02
121711734,151,21391,105548,2022-12-16T16:15:02
121714270,151,21391,105554,2022-12-16T16:30:02
121709036,151,21391,105557,2022-12-16T16:45:02
121711529,151,21391,105569,2022-12-16T17:00:02
121714043,151,21392,105545,2022-12-16T17:15:02
121716430,151,21395,105548,2022-12-16T17:30:02
121718947,151,21395,105551,2022-12-16T17:45:02
121728672,151,21397,105566,2022-12-16T18:00:02
121741375,151,21398,105567,2022-12-16T18:15:02
121753393,151,21399,105569,2022-12-16T18:30:02
121760580,151,21401,105574,2022-12-16T18:45:02
121765165,151,21401,105587,2022-12-16T19:00:02
121767385,149,21402,105550,2022-12-16T19:15:02
121769753,149,21403,105555,2022-12-16T19:30:02
121771975,149,21405,105558,2022-12-16T19:45:02
121774070,149,21406,105566,2022-12-16T20:00:02
121776187,149,21406,105568,2022-12-16T20:15:02
121774290,149,21407,105578,2022-12-16T20:30:02
121776270,148,21409,105581,2022-12-16T20:45:02
121777897,148,21410,105591,2022-12-16T21:00:02
121779697,148,21416,105565,2022-12-16T21:15:02
121781502,148,21420,105571,2022-12-16T21:30:02
121783388,148,21421,105573,2022-12-16T21:45:02
121785374,148,21423,105582,2022-12-16T22:00:02
121787518,148,21427,105589,2022-12-16T22:15:02
121785551,148,21427,105585,2022-12-16T22:30:02
121787635,148,21427,105584,2022-12-16T22:45:02
121789795,148,21427,105575,2022-12-16T23:00:02
121791962,148,21427,105581,2022-12-16T23:15:02
121794017,148,21427,105584,2022-12-16T23:30:02
121796169,148,21427,105586,2022-12-16T23:45:02
121798350,148,21429,105589,2022-12-17T00:00:03
121800316,148,21430,105591,2022-12-17T00:15:02
121798753,148,21430,105596,2022-12-17T00:30:02
121800566,148,21430,105598,2022-12-17T00:45:02
121802280,148,21430,105583,2022-12-17T01:00:02
121804173,148,21430,105588,2022-12-17T01:15:02
121805955,148,21430,105590,2022-12-17T01:30:02
121807736,148,21430,105596,2022-12-17T01:45:02
121809710,148,21430,105599,2022-12-17T02:00:02
121809794,149,21430,105601,2022-12-17T02:15:02
121811539,149,21430,105605,2022-12-17T02:30:02
121813478,149,21432,105611,2022-12-17T02:45:02
121815436,149,21432,105583,2022-12-17T03:00:02
121817229,149,21433,105587,2022-12-17T03:15:02
121819086,149,21433,105587,2022-12-17T03:30:02
121820894,149,21433,105592,2022-12-17T03:45:02
121822847,149,21433,105596,2022-12-17T04:00:03
121822279,149,21433,105603,2022-12-17T04:15:02
121824081,149,21433,105605,2022-12-17T04:30:02
121825886,149,21433,105608,2022-12-17T04:45:02
121827653,149,21433,105588,2022-12-17T05:00:02
121829396,149,21434,105589,2022-12-17T05:15:02
121831018,149,21437,105591,2022-12-17T05:30:02
121832761,149,21437,105594,2022-12-17T05:45:02
121832992,149,21437,105599,2022-12-17T06:00:02
121834656,149,21437,105607,2022-12-17T06:15:02
121836532,149,21437,105606,2022-12-17T06:30:02
121838321,149,21438,105588,2022-12-17T06:45:02
121840232,149,21438,105591,2022-12-17T07:00:02
121842118,149,21439,105592,2022-12-17T07:15:02
121843954,149,21441,105592,2022-12-17T07:30:02
121845845,149,21441,105596,2022-12-17T07:45:02
121845126,149,21441,105600,2022-12-17T08:00:03
121846918,149,21441,105584,2022-12-17T08:15:02
121848873,149,21444,105585,2022-12-17T08:30:02
121850779,149,21447,105590,2022-12-17T08:45:02
121852621,149,21449,105596,2022-12-17T09:00:02
121854348,149,21450,105597,2022-12-17T09:15:02
121856220,149,21452,105606,2022-12-17T09:30:02
121856431,149,21452,105613,2022-12-17T09:45:02
121858213,149,21452,105611,2022-12-17T10:00:02
121860059,149,21452,105588,2022-12-17T10:15:02
121861916,149,21452,105587,2022-12-17T10:30:02
121863797,149,21452,105593,2022-12-17T10:45:02
121865678,149,21452,105596,2022-12-17T11:00:02
121867760,149,21452,105597,2022-12-17T11:15:02
121838311,149,21452,105599,2022-12-17T11:30:02
121840311,149,21452,105602,2022-12-17T11:45:02
121842376,149,21452,105595,2022-12-17T12:00:02
121844395,149,21452,105599,2022-12-17T12:15:02
121846552,149,21452,105605,2022-12-17T12:30:02
121848795,149,21452,105610,2022-12-17T12:45:02
121850905,149,21452,105616,2022-12-17T13:00:02
121853195,149,21452,105617,2022-12-17T13:15:02
121823599,149,21452,105619,2022-12-17T13:30:02
121825976,149,21452,105613,2022-12-17T13:45:02
121828345,149,21452,105601,2022-12-17T14:00:02
121831464,149,21452,105604,2022-12-17T14:15:02
121835062,149,21452,105607,2022-12-17T14:30:02
121840178,149,21452,105615,2022-12-17T14:45:02
121846844,149,21452,105619,2022-12-17T15:00:02
121851520,149,21452,105624,2022-12-17T15:15:02
121815758,149,21452,105623,2022-12-17T15:30:02
121820292,149,21452,105627,2022-12-17T15:45:02
121825396,149,21452,105606,2022-12-17T16:00:02
121832258,149,21452,105607,2022-12-17T16:15:02
121837830,149,21452,105612,2022-12-17T16:30:02
121843734,149,21452,105617,2022-12-17T16:45:02
121854117,149,21452,105619,2022-12-17T17:00:02
121863372,149,21452,105619,2022-12-17T17:15:03
121870271,149,21452,105627,2022-12-17T17:30:02
121874302,149,21452,105630,2022-12-17T17:45:02
121876853,149,21452,105611,2022-12-17T18:00:02
121879363,149,21452,105610,2022-12-17T18:15:02
121881768,149,21452,105614,2022-12-17T18:30:02
121884049,149,21453,105620,2022-12-17T18:45:02
121886362,149,21453,105626,2022-12-17T19:00:02
121888720,149,21453,105628,2022-12-17T19:15:02
121886286,149,21457,105632,2022-12-17T19:30:02
121888441,150,21457,105635,2022-12-17T19:45:02
121890649,150,21457,105610,2022-12-17T20:00:02
121892597,151,21459,105611,2022-12-17T20:15:02
121894765,151,21460,105618,2022-12-17T20:30:02
121897000,151,21461,105616,2022-12-17T20:45:02
121899140,151,21461,105618,2022-12-17T21:00:02
121901115,151,21461,105617,2022-12-17T21:15:02
121900819,151,21461,105619,2022-12-17T21:30:02
121902688,151,21462,105621,2022-12-17T21:45:02
121904487,151,21463,105597,2022-12-17T22:00:02
121906332,151,21465,105601,2022-12-17T22:15:02
121908522,151,21467,105600,2022-12-17T22:30:02
121910763,151,21466,105602,2022-12-17T22:45:02
121912792,151,21466,105603,2022-12-17T23:00:02
121914877,151,21466,105605,2022-12-17T23:15:02
121914682,151,21467,105609,2022-12-17T23:30:02
121916421,151,21471,105597,2022-12-17T23:45:02
121918127,151,21473,105600,2022-12-18T00:00:03
121919778,151,21475,105601,2022-12-18T00:15:03
121921415,151,21477,105599,2022-12-18T00:30:02
121923097,151,21478,105601,2022-12-18T00:45:02
121923074,151,21478,105604,2022-12-18T01:00:02
121924661,151,21479,105607,2022-12-18T01:15:02
121926379,151,21479,105609,2022-12-18T01:30:02
121928014,151,21479,105605,2022-12-18T01:45:02
121929623,151,21479,105608,2022-12-18T02:00:02
121931209,151,21479,105612,2022-12-18T02:15:02
121932866,151,21479,105618,2022-12-18T02:30:02
121934387,151,21479,105621,2022-12-18T02:45:02
121879550,151,21479,105623,2022-12-18T03:00:02
121881036,151,21479,105627,2022-12-18T03:15:03
121882631,151,21479,105628,2022-12-18T03:30:02
121884182,151,21479,105613,2022-12-18T03:45:02
121885750,151,21480,105614,2022-12-18T04:00:02
121887244,151,21481,105613,2022-12-18T04:15:02
121888714,151,21483,105618,2022-12-18T04:30:02
121890190,151,21483,105621,2022-12-18T04:45:02
121886803,151,21486,105625,2022-12-18T05:00:02
121888398,151,21487,105627,2022-12-18T05:15:02
121889940,151,21490,105627,2022-12-18T05:30:02
121891552,151,21491,105632,2022-12-18T05:45:02
121893122,151,21491,105635,2022-12-18T06:00:02
121894734,151,21492,105637,2022-12-18T06:15:02
121896440,151,21492,105642,2022-12-18T06:30:02
121898119,151,21493,105644,2022-12-18T06:45:02
121897791,151,21493,105645,2022-12-18T07:00:02
121899455,151,21493,105645,2022-12-18T07:15:02
121901119,151,21493,105629,2022-12-18T07:30:02
121902787,151,21494,105628,2022-12-18T07:45:02
121904393,151,21494,105629,2022-12-18T08:00:02
121905965,151,21494,105628,2022-12-18T08:15:02
121905923,151,21494,105629,2022-12-18T08:30:02
121907614,151,21494,105633,2022-12-18T08:45:02
121909170,151,21494,105636,2022-12-18T09:00:02
121910831,151,21494,105639,2022-12-18T09:15:02
121912590,151,21494,105639,2022-12-18T09:30:02
121914315,151,21494,105632,2022-12-18T09:45:02
121915967,151,21494,105635,2022-12-18T10:00:02
121917630,151,21494,105637,2022-12-18T10:15:02
121873777,151,21494,105640,2022-12-18T10:30:02
121875447,151,21494,105641,2022-12-18T10:45:02
121877124,151,21494,105642,2022-12-18T11:00:02
121878769,151,21494,105645,2022-12-18T11:15:02
121880413,151,21494,105645,2022-12-18T11:30:02
121882123,151,21494,105633,2022-12-18T11:45:02
121883906,151,21494,105635,2022-12-18T12:00:02
121885591,151,21494,105638,2022-12-18T12:15:02
121882725,151,21494,105639,2022-12-18T12:30:02
121884574,151,21494,105638,2022-12-18T12:45:02
121886776,151,21494,105637,2022-12-18T13:00:02
121888949,151,21494,105632,2022-12-18T13:15:02
121891165,151,21494,105639,2022-12-18T13:30:02
121893462,151,21494,105647,2022-12-18T13:45:02
121895973,151,21493,105652,2022-12-18T14:00:02
121896238,151,21494,105656,2022-12-18T14:15:02
121898609,151,21495,105663,2022-12-18T14:30:02
121901599,151,21496,105667,2022-12-18T14:45:02
121911774,151,21497,105671,2022-12-18T15:00:02
121919451,151,21497,105649,2022-12-18T15:15:02
121925199,151,21498,105652,2022-12-18T15:30:02
121932648,151,21498,105652,2022-12-18T15:45:02
121926623,151,21498,105657,2022-12-18T16:00:03
121933472,151,21500,105662,2022-12-18T16:15:02
121939849,151,21500,105714,2022-12-18T16:30:02
121945222,151,21500,105714,2022-12-18T16:45:02
121950474,151,21502,105713,2022-12-18T17:00:02
121956927,151,21502,105697,2022-12-18T17:15:02
121963735,151,21502,105699,2022-12-18T17:30:02
121964286,151,21505,105699,2022-12-18T17:45:02
121970494,151,21505,105707,2022-12-18T18:00:02
121974325,151,21506,105714,2022-12-18T18:15:02
121978072,151,21506,105716,2022-12-18T18:30:02
121981121,151,21506,105721,2022-12-18T18:45:02
121984237,151,21506,105702,2022-12-18T19:00:02
121987719,151,21506,105705,2022-12-18T19:15:02
121987328,151,21506,105705,2022-12-18T19:30:02
121990406,151,21506,105704,2022-12-18T19:45:02
121993238,151,21506,105706,2022-12-18T20:00:02
121996056,151,21507,105713,2022-12-18T20:15:02
121998691,151,21507,105712,2022-12-18T20:30:02
122001407,151,21507,105712,2022-12-18T20:45:02
122004021,151,21508,105697,2022-12-18T21:00:02
122006571,151,21508,105704,2022-12-18T21:15:02
